Age,Avg_Workout_Duration_Min,Avg_Calories_Burned,Total_Weight_Lifted_kg,Visits_Per_Month,Churn,Tenure_Days,Gender_Male,Membership_Type_Quarterly,Membership_Type_Yearly,Favorite_Exercise_Cycling,Favorite_Exercise_Deadlift,Favorite_Exercise_Pull-ups,Favorite_Exercise_Squats,Favorite_Exercise_Treadmill
19.0,93,214.0,13995.0,18.0,0,103.0,1,1,0,0,0,1,0,0
19.0,37,436.0,4612.0,11.0,0,72.0,0,0,0,0,0,0,1,0
52.0,98,523.0,3124.0,4.0,1,85.0,1,1,0,0,0,0,0,0
52.0,66,282.0,4586.0,24.0,0,264.0,1,0,0,0,0,1,0,0
32.0,32,522.0,16353.0,18.0,0,170.0,1,0,0,0,0,0,0,0
53.0,102,250.0,4631.0,23.0,0,97.0,1,1,0,0,1,0,0,0
46.0,33,496.0,4926.0,7.0,1,57.0,1,0,0,0,0,0,1,0
36.0,112,722.0,18376.0,16.0,0,89.0,1,0,0,0,1,0,0,0
41.0,42,226.0,13622.0,22.0,0,363.0,1,1,0,0,0,0,1,0
36.0,74,496.0,2113.0,19.0,0,94.0,0,0,0,0,0,1,0,0
23.0,56,496.0,5978.0,11.0,0,43.0,1,0,1,0,0,0,0,0
22.0,77,529.0,9532.0,5.0,1,177.0,1,1,0,0,1,0,0,0
50.0,60,436.0,18715.0,15.0,0,94.0,0,0,0,0,0,0,1,0
22.0,37,597.0,1219.0,17.0,0,310.0,0,0,1,0,0,0,0,1
27.0,31,496.0,7611.0,19.0,0,82.0,1,0,0,0,0,0,0,1
49.0,86,542.0,11803.0,20.0,0,50.0,0,1,0,0,0,0,0,1
29.0,34,413.0,8705.0,15.0,0,215.0,1,0,1,0,0,1,0,0
36.0,76,376.0,10650.0,21.0,0,352.0,0,0,1,0,0,0,1,0
45.0,112,508.0,2638.0,12.0,0,40.0,1,0,1,0,1,0,0,0
28.0,44,371.0,18888.0,17.0,0,307.0,0,1,0,0,0,0,1,0
34.0,43,496.0,14348.0,24.0,0,194.0,0,0,0,1,0,0,0,0
39.0,58,453.0,7257.0,23.0,0,387.0,1,0,1,0,0,0,0,1
20.0,47,625.0,8994.0,24.0,0,92.0,0,0,1,0,0,1,0,0
27.0,49,613.0,2699.0,17.0,0,187.0,1,0,1,0,0,0,1,0
36.0,30,256.0,1009.0,18.0,0,361.0,0,1,0,0,0,0,1,0
39.0,114,574.0,9072.5,24.0,0,183.0,1,1,0,0,1,0,0,0
25.0,71,518.0,12361.0,14.0,0,212.0,0,0,0,0,0,1,0,0
29.0,109,496.0,11567.0,24.0,0,105.0,1,1,0,1,0,0,0,0
29.0,33,492.0,17359.0,20.0,0,235.0,1,1,0,0,0,0,0,1
27.0,91,469.0,16623.0,14.0,0,125.0,1,0,0,0,0,0,0,1
51.0,113,748.0,14093.0,7.0,1,220.0,0,0,0,0,0,0,0,1
36.0,109,496.0,8684.0,10.0,0,218.0,1,1,0,1,0,0,0,0
36.0,33,496.0,8167.0,19.0,0,46.0,0,0,0,0,0,0,0,0
54.0,80,374.0,9252.0,10.0,0,13.0,1,1,0,0,0,0,1,0
39.0,78,505.0,14494.0,4.0,1,143.0,1,0,0,0,0,0,1,0
47.0,53,377.0,7281.0,6.0,1,319.0,1,0,0,0,0,0,0,0
53.0,104,529.0,2856.0,14.0,1,188.0,0,0,0,0,0,0,0,0
44.0,82,575.0,9072.5,7.0,1,122.0,0,0,0,0,1,0,0,0
36.0,87,481.0,1182.0,20.0,0,195.0,0,1,0,1,0,0,0,0
51.0,89,261.0,12617.0,20.0,0,209.0,1,0,0,0,1,0,0,0
43.0,58,767.0,9072.5,19.0,0,127.0,1,0,0,0,0,1,0,0
44.0,37,474.0,14792.0,13.0,0,2.0,1,0,1,0,0,0,0,1
42.0,43,263.0,4829.0,24.0,0,8.0,0,0,0,0,1,0,0,0
50.0,106,292.0,1258.0,13.0,0,359.0,0,0,0,1,0,0,0,0
20.0,108,627.0,6447.0,21.0,0,233.0,0,0,0,0,1,0,0,0
36.0,74,209.0,9072.5,6.0,1,204.0,1,1,0,0,0,0,0,1
34.0,53,590.0,8915.0,14.0,0,317.0,0,1,0,0,0,1,0,0
54.0,55,496.0,2931.0,6.0,1,269.0,0,1,0,0,0,0,0,1
43.0,95,315.0,15124.0,8.0,0,390.0,1,0,1,0,0,0,1,0
28.0,71,496.0,2584.0,23.0,0,18.0,0,0,1,0,0,0,1,0
41.0,30,471.0,8191.0,6.0,1,399.0,0,0,0,0,0,0,0,0
43.0,78,390.0,15221.0,11.0,0,66.0,0,0,0,0,0,0,0,1
36.0,57,323.0,9151.0,11.0,0,51.0,1,0,0,0,0,0,0,0
33.0,80,448.0,11018.0,16.0,0,266.0,1,0,0,0,0,0,1,0
35.0,117,274.0,19081.0,12.0,0,165.0,0,1,0,0,0,0,1,0
45.0,69,662.0,7106.0,16.0,0,67.0,1,0,0,0,1,0,0,0
53.0,37,405.0,2467.0,23.0,0,127.0,1,0,1,0,1,0,0,0
53.0,59,342.0,3849.0,7.0,1,196.0,0,1,0,0,0,1,0,0
19.0,61,642.0,15277.0,8.0,0,312.0,1,0,1,0,0,1,0,0
27.0,67,747.0,7605.0,14.0,0,71.0,0,0,1,0,0,0,0,1
46.0,40,210.0,9072.5,24.0,0,341.0,1,1,0,0,0,0,1,0
34.0,50,638.0,16445.0,4.0,1,196.0,0,1,0,0,0,0,0,1
47.0,84,236.0,11728.0,7.0,1,203.0,1,0,0,0,1,0,0,0
23.0,77,297.0,7523.0,19.0,0,350.0,1,0,1,0,1,0,0,0
53.0,54,754.0,18418.0,12.0,0,220.0,0,0,0,0,0,0,0,1
53.0,104,404.0,5576.0,7.0,1,19.0,1,1,0,0,1,0,0,0
52.0,33,332.0,1810.0,16.0,0,57.0,0,0,0,0,0,1,0,0
50.0,93,267.0,13698.0,15.0,0,295.0,0,0,0,1,0,0,0,0
27.0,81,546.0,3042.0,4.0,1,72.0,0,1,0,0,1,0,0,0
25.0,53,773.0,6991.0,19.0,0,72.0,1,0,1,1,0,0,0,0
23.0,108,702.0,1552.0,10.0,0,240.0,1,1,0,0,0,0,0,0
48.0,68,322.0,9072.5,14.0,0,226.0,1,0,0,0,0,0,0,0
18.0,84,569.0,19104.0,14.0,0,209.0,1,0,1,0,0,1,0,0
36.0,33,596.0,7349.0,21.0,0,356.0,0,0,0,0,1,0,0,0
22.0,60,496.0,15660.0,24.0,0,268.0,1,0,0,0,0,1,0,0
24.0,40,628.0,11222.0,20.0,0,397.0,0,1,0,0,1,0,0,0
49.0,58,773.0,9917.0,12.0,0,161.0,1,1,0,0,0,0,1,0
36.0,61,632.0,1492.0,5.0,1,107.0,0,0,0,0,0,0,0,0
40.0,104,533.0,12023.0,22.0,0,385.0,0,0,0,1,0,0,0,0
21.0,113,266.0,7845.0,19.0,0,50.0,0,1,0,0,0,0,0,1
19.0,92,359.0,11730.0,18.0,0,362.0,0,0,0,0,0,0,0,0
39.0,90,504.0,1807.0,23.0,0,307.0,1,1,0,0,0,0,1,0
38.0,83,229.0,10784.0,18.0,0,3.0,1,1,0,0,0,0,1,0
40.0,109,486.0,1763.0,22.0,0,267.0,0,0,0,0,0,0,0,1
32.0,79,723.0,11345.0,7.0,1,206.0,1,0,1,0,1,0,0,0
47.0,115,662.0,9770.0,18.0,0,207.0,0,0,0,0,0,0,1,0
36.0,72,496.0,8466.0,20.0,0,196.0,1,0,0,0,0,0,1,0
18.0,78,426.0,15251.0,23.0,0,29.0,1,1,0,1,0,0,0,0
33.0,69,690.0,4757.0,11.0,0,220.0,1,0,0,0,0,0,0,0
19.0,51,353.0,9583.0,14.0,0,205.0,0,0,0,0,1,0,0,0
37.0,114,268.0,9945.0,6.0,1,196.0,0,0,0,0,0,1,0,0
19.0,30,417.0,11086.0,14.0,0,88.0,0,0,1,1,0,0,0,0
32.0,97,365.0,13503.0,16.0,0,227.0,0,0,0,0,1,0,0,0
18.0,78,568.0,10316.0,23.0,0,21.0,0,0,0,0,0,1,0,0
43.0,110,214.0,14834.0,4.0,1,214.0,0,1,0,0,0,1,0,0
50.0,119,503.0,9072.5,14.0,0,196.0,0,0,1,0,0,0,1,0
45.0,103,267.0,15781.0,18.0,0,281.0,0,1,0,0,0,0,0,0
29.0,82,580.0,9391.0,11.0,0,196.0,0,0,1,0,0,0,0,1
36.0,61,372.0,5239.0,12.0,0,211.0,0,0,0,0,0,0,0,1
30.0,62,415.0,8625.0,24.0,0,261.0,0,0,0,0,0,0,0,0
41.0,65,308.0,10377.0,20.0,0,88.0,1,1,0,0,1,0,0,0
46.0,30,617.0,2805.0,7.0,1,196.0,1,0,1,0,0,1,0,0
36.0,75,718.0,3067.0,18.0,0,38.0,0,0,0,0,0,0,0,0
36.0,108,666.0,2446.0,14.0,0,41.0,0,0,0,0,0,0,0,1
31.0,79,560.0,4894.0,20.0,0,309.0,1,0,1,0,1,0,0,0
18.0,67,279.0,17594.0,4.0,1,136.0,1,0,0,0,0,0,0,1
27.0,46,550.0,8663.0,16.0,0,96.0,1,1,0,0,0,0,0,0
23.0,51,779.0,4370.0,5.0,1,255.0,0,0,1,0,0,1,0,0
50.0,68,663.0,8518.0,14.0,0,18.0,1,0,0,0,0,0,1,0
22.0,84,230.0,11089.0,11.0,0,394.0,0,1,0,0,1,0,0,0
53.0,35,706.0,8630.0,6.0,1,60.0,1,0,0,0,0,1,0,0
23.0,48,778.0,8427.0,11.0,0,232.0,0,0,0,0,0,0,0,0
18.0,41,341.0,14587.0,4.0,1,7.0,1,0,0,0,0,1,0,0
46.0,112,628.0,8146.0,16.0,0,284.0,1,0,0,0,0,0,1,0
36.0,69,703.0,10833.0,5.0,1,42.0,0,0,0,0,0,1,0,0
20.0,74,349.0,11214.0,17.0,0,70.0,0,0,0,1,0,0,0,0
39.0,83,788.0,13919.0,7.0,1,11.0,1,1,0,0,0,1,0,0
52.0,54,689.0,5379.0,12.0,0,327.0,0,0,0,0,0,0,0,1
50.0,59,465.0,4464.0,11.0,0,196.0,0,0,0,0,0,0,0,0
36.0,56,537.0,9866.0,20.0,0,19.0,1,0,0,0,0,0,0,0
23.0,61,293.0,5895.0,10.0,0,305.0,1,1,0,0,0,0,1,0
52.0,98,432.0,18560.0,12.0,0,0.0,0,0,1,0,0,0,0,0
39.0,106,600.0,8107.0,14.0,1,289.0,0,0,1,0,0,0,0,1
52.0,41,249.0,13617.0,21.0,0,196.0,0,0,0,0,0,1,0,0
48.0,118,420.0,4384.0,14.0,1,332.0,0,0,0,0,0,0,0,1
21.0,81,540.0,19712.0,7.0,1,285.0,0,0,0,1,0,0,0,0
27.0,95,244.0,9072.5,17.0,0,251.0,1,0,0,0,0,0,0,1
20.0,118,690.0,19722.0,14.0,1,81.0,0,0,0,0,0,0,0,1
18.0,115,478.0,17994.0,14.0,1,286.0,1,0,1,0,0,1,0,0
38.0,86,759.0,5972.0,7.0,1,375.0,0,0,0,0,1,0,0,0
33.0,65,769.0,10715.0,6.0,1,196.0,1,0,0,0,1,0,0,0
44.0,74,246.0,3567.0,5.0,1,166.0,1,1,0,0,1,0,0,0
39.0,101,652.0,12087.0,20.0,0,310.0,1,0,1,0,1,0,0,0
48.0,46,759.0,7158.0,24.0,0,7.0,1,1,0,0,1,0,0,0
37.0,41,267.0,18914.0,4.0,1,238.0,0,0,0,0,1,0,0,0
38.0,87,655.0,10515.0,14.0,0,225.0,0,0,0,0,1,0,0,0
31.0,98,682.0,14982.0,21.0,0,110.0,0,0,0,0,0,1,0,0
29.0,74,502.0,8439.0,12.0,0,228.0,1,0,1,0,0,1,0,0
24.0,69,257.0,15952.0,14.0,0,133.0,0,0,1,1,0,0,0,0
40.0,110,601.0,9832.0,7.0,1,114.0,1,0,0,0,0,0,0,0
27.0,86,274.0,2346.0,8.0,0,197.0,1,0,0,0,1,0,0,0
23.0,58,496.0,2224.0,21.0,0,281.0,0,0,0,0,0,0,0,0
36.0,49,338.0,14846.0,18.0,0,355.0,0,1,0,1,0,0,0,0
18.0,113,538.0,10700.0,9.0,0,79.0,1,0,1,0,0,0,1,0
22.0,116,441.0,7013.0,6.0,1,185.0,1,0,1,0,0,0,1,0
54.0,64,733.0,6082.0,14.0,0,139.0,1,1,0,0,0,1,0,0
45.0,95,641.0,7375.0,12.0,0,51.0,0,0,0,0,0,0,0,0
54.0,80,471.0,6138.0,14.0,0,255.0,1,1,0,0,1,0,0,0
26.0,50,473.0,18336.0,4.0,1,326.0,0,0,0,0,0,0,0,0
43.0,78,608.0,12542.0,22.0,0,354.0,1,0,1,0,0,0,1,0
